sample_id,pred_cell_type,pred_class_idx,vote_frac_CD14+_Monocyte,vote_frac_CD19+_B,vote_frac_CD34+,vote_frac_CD4+/CD25_T_Reg,vote_frac_CD4+/CD45RA+/CD25-_Naive_T,vote_frac_CD4+/CD45RO+_Memory,vote_frac_CD56+_NK,vote_frac_CD8+_Cytotoxic_T,vote_frac_CD8+/CD45RA+_Naive_Cytotoxic,vote_frac_Dendritic,nn1_ref_sample,nn1_ref_cell_type,nn1_distance,nn2_ref_sample,nn2_ref_cell_type,nn2_distance,nn3_ref_sample,nn3_ref_cell_type,nn3_distance,nn4_ref_sample,nn4_ref_cell_type,nn4_distance,nn5_ref_sample,nn5_ref_cell_type,nn5_distance
GSM5574715,Dendritic,9,0.4009923540696038,0.0,0.0,0.0,0.0,0.0,0.0,0.0,0.0,0.5990076459303961,GCACCACTCTGTGA-1,CD14+ Monocyte,3.1298484802246094,GCGCACGATGCTGA-1,Dendritic,3.1411852836608887,AACCACGACGTTGA-3,Dendritic,3.1610300540924072,CGTGAATGACGACT-6,CD14+ Monocyte,3.1620044708251953,CATGCGCTAATCGC-7,Dendritic,3.1745834350585938
GSM5574716,CD14+ Monocyte,0,0.5994914125237937,0.0,0.0,0.0,0.0,0.0,0.0,0.0,0.0,0.4005085874762062,GCACCACTCTGTGA-1,CD14+ Monocyte,3.2392165660858154,GCGCACGATGCTGA-1,Dendritic,3.2502458095550537,AACCACGACGTTGA-3,Dendritic,3.2598822116851807,CGTGAATGACGACT-6,CD14+ Monocyte,3.2720625400543213,TAGAGCACCCTCAC-4,CD14+ Monocyte,3.274844169616699
GSM5574717,CD14+ Monocyte,0,0.5995407934954579,0.0,0.0,0.0,0.0,0.0,0.0,0.0,0.0,0.4004592065045422,GCACCACTCTGTGA-1,CD14+ Monocyte,3.251875638961792,GCGCACGATGCTGA-1,Dendritic,3.26357364654541,AACCACGACGTTGA-3,Dendritic,3.2753753662109375,CGTGAATGACGACT-6,CD14+ Monocyte,3.2852141857147217,TAGAGCACCCTCAC-4,CD14+ Monocyte,3.2903504371643066
GSM5574718,CD14+ Monocyte,0,0.5996342871208719,0.0,0.0,0.0,0.0,0.0,0.0,0.0,0.0,0.40036571287912814,GCACCACTCTGTGA-1,CD14+ Monocyte,3.2588300704956055,GCGCACGATGCTGA-1,Dendritic,3.2707102298736572,AACCACGACGTTGA-3,Dendritic,3.2811243534088135,CGTGAATGACGACT-6,CD14+ Monocyte,3.289973020553589,TAGAGCACCCTCAC-4,CD14+ Monocyte,3.2941362857818604
GSM5574723,CD14+ Monocyte,0,0.5997815771526511,0.0,0.0,0.0,0.0,0.0,0.0,0.0,0.0,0.40021842284734893,GCACCACTCTGTGA-1,CD14+ Monocyte,3.1450488567352295,GCGCACGATGCTGA-1,Dendritic,3.1563940048217773,CGTGAATGACGACT-6,CD14+ Monocyte,3.174171209335327,AACCACGACGTTGA-3,Dendritic,3.1746935844421387,TAGAGCACCCTCAC-4,CD14+ Monocyte,3.1862618923187256
GSM5574725,Dendritic,9,0.4009744168312753,0.0,0.0,0.0,0.0,0.0,0.0,0.0,0.0,0.5990255831687247,GCACCACTCTGTGA-1,CD14+ Monocyte,3.1366262435913086,GCGCACGATGCTGA-1,Dendritic,3.1480023860931396,CGTGAATGACGACT-6,CD14+ Monocyte,3.1666479110717773,AACCACGACGTTGA-3,Dendritic,3.166959762573242,TCCTAAACACACCA-5,Dendritic,3.1783323287963867
GSM5574728,CD14+ Monocyte,0,0.5990070890234295,0.0,0.0,0.0,0.0,0.0,0.0,0.0,0.0,0.4009929109765705,GCACCACTCTGTGA-1,CD14+ Monocyte,2.9853484630584717,GCGCACGATGCTGA-1,Dendritic,2.991497755050659,AACCACGACGTTGA-3,Dendritic,3.0156733989715576,CGTGAATGACGACT-6,CD14+ Monocyte,3.025740146636963,TAGAGCACCCTCAC-4,CD14+ Monocyte,3.037358283996582
GSM5574729,CD14+ Monocyte,0,0.5998020086367615,0.0,0.0,0.0,0.0,0.0,0.0,0.0,0.0,0.4001979913632385,GCACCACTCTGTGA-1,CD14+ Monocyte,3.1412947177886963,GCGCACGATGCTGA-1,Dendritic,3.1523265838623047,CGTGAATGACGACT-6,CD14+ Monocyte,3.169381618499756,AACCACGACGTTGA-3,Dendritic,3.170030117034912,TAGAGCACCCTCAC-4,CD14+ Monocyte,3.180873155593872
GSM5574730,CD14+ Monocyte,0,0.599566831514984,0.0,0.0,0.0,0.0,0.0,0.0,0.0,0.0,0.4004331684850159,GCACCACTCTGTGA-1,CD14+ Monocyte,3.243525505065918,GCGCACGATGCTGA-1,Dendritic,3.2549633979797363,AACCACGACGTTGA-3,Dendritic,3.2645554542541504,CGTGAATGACGACT-6,CD14+ Monocyte,3.2751786708831787,TAGAGCACCCTCAC-4,CD14+ Monocyte,3.278444528579712
GSM5574733,Dendritic,9,0.40070811642630266,0.0,0.0,0.0,0.0,0.0,0.0,0.0,0.0,0.5992918835736972,GCACCACTCTGTGA-1,CD14+ Monocyte,3.2657597064971924,GCGCACGATGCTGA-1,Dendritic,3.2791309356689453,AACCACGACGTTGA-3,Dendritic,3.2913553714752197,CGTGAATGACGACT-6,CD14+ Monocyte,3.2969629764556885,TCCTAAACACACCA-5,Dendritic,3.302536964416504
GSM5574739,CD14+ Monocyte,0,0.5995391605457394,0.0,0.0,0.0,0.0,0.0,0.0,0.0,0.0,0.4004608394542605,GCACCACTCTGTGA-1,CD14+ Monocyte,3.230940580368042,GCGCACGATGCTGA-1,Dendritic,3.242218017578125,AACCACGACGTTGA-3,Dendritic,3.2537641525268555,CGTGAATGACGACT-6,CD14+ Monocyte,3.2637250423431396,TAGAGCACCCTCAC-4,CD14+ Monocyte,3.268256902694702
GSM5574740,CD14+ Monocyte,0,0.5996092080163622,0.0,0.0,0.0,0.0,0.0,0.0,0.0,0.0,0.40039079198363786,GCACCACTCTGTGA-1,CD14+ Monocyte,3.276416301727295,GCGCACGATGCTGA-1,Dendritic,3.2884957790374756,AACCACGACGTTGA-3,Dendritic,3.2991325855255127,CGTGAATGACGACT-6,CD14+ Monocyte,3.3084709644317627,TAGAGCACCCTCAC-4,CD14+ Monocyte,3.312870740890503
